project,first_name,last_name,role
Stim,Debra,Taylor,Community Outreach Specialist
Tin,Anthony,Welch,Software Test Engineer I
Bitwolf,Doris,Harvey,Systems Administrator IV
Trippledex,Clarence,George,Environmental Tech
Bamity,Julia,Ford,Computer Systems Analyst III
Sub-Ex,Walter,Allen,Assistant Media Planner
Flowdesk,Dennis,Dean,VP Product Management
Flexidy,Brandon,Reed,Software Engineer IV
Solarbreeze,Janet,Mcdonald,Compensation Analyst
Stringtough,Robin,Burton,Civil Engineer
Alphazap,Tina,King,Payment Adjustment Coordinator
Bitchip,Lois,Parker,Staff Accountant IV
Voltsillam,Debra,Lewis,Assistant Manager
Treeflex,Raymond,Kennedy,Automation Specialist II
Zaam-Dox,Nancy,Clark,Assistant Media Planner
Otcom,Howard,Anderson,Assistant Media Planner
Overhold,Kelly,Sanchez,Senior Quality Engineer
Bitchip,Judith,Baker,Geologist IV
Stim,Cheryl,Watkins,Health Coach II
Transcof,Philip,Day,Research Nurse
Sonair,Cheryl,Mendoza,Quality Engineer
Bitchip,Beverly,Hunter,Physical Therapy Assistant
Home Ing,Cynthia,Hayes,Human Resources Assistant IV
Alpha,Janet,Perez,General Manager
Keylex,Martha,Day,Speech Pathologist
Sub-Ex,Jeremy,Gardner,Chief Design Engineer
Tin,Amanda,Hudson,Nurse Practicioner
Domainer,Doris,Moreno,Information Systems Manager
Tin,Betty,Davis,Executive Secretary
Vagram,Christine,Ramirez,Associate Professor
Gembucket,Willie,Brooks,Compensation Analyst
Quo Lux,Joan,Griffin,Social Worker
Flowdesk,Linda,Jordan,Nurse Practicioner
Fixflex,Frances,Brooks,Human Resources Manager
Bitchip,Gloria,Martinez,Software Test Engineer IV
Regrant,Donald,Burke,Cost Accountant
Zathin,Larry,Sanders,Help Desk Operator
Zoolab,Robin,Kelley,Chemical Engineer
Zathin,Stephen,Chavez,Sales Associate
Ventosanzap,Roy,Campbell,VP Quality Control
Namfix,Irene,Hernandez,Executive Secretary
Bigtax,Jane,Carter,Tax Accountant
Overhold,Julia,Bell,Internal Auditor
Andalax,Victor,Burton,Professor
Flexidy,Laura,Wallace,Compensation Analyst
Voyatouch,Bonnie,Kelley,Associate Professor
Bitwolf,Jack,Bell,VP Sales
Voyatouch,Johnny,Grant,Librarian
Matsoft,Jessica,Hudson,Information Systems Manager
Duobam,Louise,Black,Project Manager
Prodder,Catherine,Romero,Tax Accountant
Overhold,Walter,Spencer,Recruiting Manager
Opela,Betty,Reynolds,Staff Accountant II
Bitchip,Christopher,Russell,Web Designer IV
Sonair,Rebecca,Wright,Account Representative IV
Alphazap,Christina,Riley,Speech Pathologist
Tin,Joseph,Romero,Help Desk Technician
Zaam-Dox,Steven,Howard,Assistant Manager
Asoka,Gerald,Diaz,Geologist I
Biodex,Annie,Hanson,Account Executive
Solarbreeze,Catherine,Burton,Senior Cost Accountant
Andalax,Mark,Austin,Librarian
Toughjoyfax,Ashley,Rogers,Senior Sales Associate
Veribet,Mark,Washington,Director of Sales
Daltfresh,Lillian,Gomez,Financial Advisor
Tres-Zap,Andrea,Stewart,Marketing Manager
Y-find,Jose,Barnes,Structural Engineer
Transcof,Harry,Perkins,Civil Engineer
Cookley,Lisa,Nichols,Statistician I
Greenlam,Bruce,Reid,Research Assistant I
Bamity,Nicole,Mcdonald,Research Associate
Holdlamis,Donald,Coleman,Staff Scientist
Voltsillam,Jeremy,Berry,Systems Administrator III
Mat Lam Tam,Phillip,Holmes,Legal Assistant
Temp,Jacqueline,Lewis,Product Engineer
Bitchip,Heather,Daniels,Financial Advisor
Keylex,Randy,Black,Marketing Manager
Latlux,Kimberly,King,Geological Engineer
Treeflex,Wayne,Payne,Database Administrator IV
Zoolab,Anthony,Williamson,Recruiter
Sub-Ex,Ernest,Gutierrez,Nurse
It,Wayne,Hawkins,Project Manager
Latlux,Anthony,Scott,Junior Executive
Voltsillam,Maria,Riley,Human Resources Manager
Flowdesk,Larry,Dunn,Chief Design Engineer
Fintone,Christina,Long,Automation Specialist III
Zaam-Dox,Peter,Wilson,Senior Sales Associate
Span,Stephen,Lopez,Administrative Assistant II
Zathin,Sara,Rogers,Assistant Professor
Holdlamis,Mark,Gibson,Speech Pathologist
Cardguard,Carolyn,Reid,Staff Accountant IV
Opela,Brandon,Hanson,Registered Nurse
Aerified,Phillip,Mcdonald,Teacher
It,Matthew,Fernandez,Assistant Manager
Holdlamis,Daniel,Perez,Paralegal
Asoka,Matthew,Burns,Legal Assistant
Ronstring,Stephanie,Richardson,Web Designer I
Latlux,Jacqueline,Boyd,Senior Financial Analyst
Home Ing,Janet,Hayes,Software Engineer IV
Trippledex,Cheryl,Kelly,Staff Accountant III
Tresom,Bruce,Burns,Social Worker
Treeflex,Wayne,Fuller,VP Accounting
Prodder,Shirley,Davis,Biostatistician IV
Job,Roy,Mccoy,Assistant Manager
Holdlamis,Gary,Knight,Pharmacist
Fix San,Karen,Garcia,Nurse Practicioner
Subin,Tammy,Franklin,Physical Therapy Assistant
Home Ing,Gregory,Nelson,Senior Developer
Bitchip,Steve,Rodriguez,Computer Systems Analyst IV
Solarbreeze,Juan,Porter,Accountant I
Hatity,Carlos,Gardner,Quality Engineer
Duobam,Russell,Fields,Nuclear Power Engineer
Ronstring,Irene,Taylor,Research Assistant III
Regrant,Nicholas,Coleman,Developer IV
Solarbreeze,Wanda,Garrett,Nurse Practicioner
Hatity,Marie,Ward,Geological Engineer
Tampflex,Melissa,Barnes,Chief Design Engineer
Viva,Debra,Henderson,Senior Developer
Hatity,Steven,Daniels,Librarian
Y-Solowarm,Linda,Ramirez,Statistician I
Job,Julia,Kelley,Operator
Biodex,Barbara,Duncan,Registered Nurse
Tin,Julia,Baker,Payment Adjustment Coordinator
Stim,Sharon,Ferguson,Programmer II
Stronghold,Phyllis,Austin,Executive Secretary
Tampflex,Ruby,Banks,Legal Assistant
Asoka,Catherine,Hill,Structural Engineer
Fintone,Roger,Jordan,Clinical Specialist
Namfix,Johnny,Morrison,Professor
Ronstring,Amanda,Wilson,GIS Technical Architect
Latlux,Benjamin,Spencer,Nuclear Power Engineer
Quo Lux,Ruth,Stephens,Social Worker
Treeflex,Janet,Green,Assistant Manager
Kanlam,Mark,Stevens,Professor
Otcom,Lisa,Sullivan,Assistant Manager
Viva,Bonnie,Lawson,Technical Writer
Voltsillam,Craig,Howard,Marketing Manager
Duobam,Wayne,Tucker,Technical Writer
Stim,Earl,Willis,Staff Accountant I
Veribet,Christine,Hansen,GIS Technical Architect
Flexidy,Mildred,Sims,Software Test Engineer III
Job,Barbara,Oliver,Environmental Tech
Tampflex,Timothy,Ellis,Staff Accountant III
Domainer,Maria,Harris,Social Worker
Pannier,Betty,Castillo,Automation Specialist IV
Zontrax,Karen,Edwards,Senior Quality Engineer
Overhold,David,Morales,Software Engineer III
Cardify,Annie,Perez,Help Desk Technician
Alphazap,Carlos,Gonzalez,VP Sales
Tin,Bonnie,Ferguson,Community Outreach Specialist
Tampflex,Joyce,Moore,Programmer Analyst III
Treeflex,Nicholas,Murphy,Tax Accountant
Voltsillam,Craig,Gutierrez,Clinical Specialist
Bytecard,Jose,Adams,Graphic Designer
Sonair,Wanda,Perry,Environmental Specialist
Latlux,Catherine,Hunt,Account Coordinator
Sonair,Karen,Lee,Technical Writer
Kanlam,Roger,Gardner,Assistant Media Planner
Bigtax,Johnny,Larson,Nurse
Bytecard,Terry,Harrison,Sales Associate
Subin,Johnny,Washington,Senior Quality Engineer
Cardguard,Larry,Bailey,Structural Analysis Engineer
Bitwolf,Jack,Banks,Associate Professor
Viva,Eric,Owens,Electrical Engineer
Aerified,Lori,Warren,Chief Design Engineer
Job,Lori,Fox,Help Desk Operator
Zathin,Joshua,Peterson,Graphic Designer
Zaam-Dox,Julia,Riley,Technical Writer
Regrant,Richard,Black,Analog Circuit Design manager
Tin,Donna,Hamilton,Data Coordiator
Job,Dennis,Hawkins,Junior Executive
Keylex,Amanda,Hunt,VP Product Management
Asoka,Matthew,Frazier,Data Coordiator
Bigtax,Carol,Payne,Assistant Manager
Trippledex,Randy,Wood,Marketing Assistant
Aerified,Paul,Reyes,Junior Executive
Regrant,Justin,Welch,Quality Engineer
Y-find,Adam,Simmons,Administrative Officer
Flowdesk,Stephanie,Perry,Senior Cost Accountant
Voltsillam,Jessica,Lawrence,Compensation Analyst
Span,Chris,Thomas,Community Outreach Specialist
Rank,Norma,Welch,Web Developer III
Voyatouch,Jason,Hill,Recruiting Manager
Daltfresh,Dennis,Hicks,Media Manager I
Aerified,Julia,Thomas,Information Systems Manager
Prodder,Elizabeth,Simpson,Programmer III
Alphazap,Ronald,Coleman,Analyst Programmer
Greenlam,Roger,Woods,Nuclear Power Engineer
Tres-Zap,Thomas,Wagner,Human Resources Manager
Flexidy,Roy,Morgan,Marketing Manager
Mat Lam Tam,Jose,Gilbert,Structural Engineer
Hatity,Paul,Russell,Financial Advisor
Stronghold,Teresa,Henry,Senior Financial Analyst
Span,Antonio,Thomas,Chief Design Engineer
Bamity,Denise,Montgomery,Sales Associate
Span,Martin,Ramos,Administrative Assistant I
Kanlam,Annie,Hamilton,Sales Associate
Transcof,Martin,Dunn,VP Accounting
Fix San,Wanda,Anderson,Programmer III
Otcom,David,Alvarez,Graphic Designer
Y-find,Gloria,Gardner,Recruiting Manager
Wrapsafe,Randy,Rodriguez,Cost Accountant
Aerified,Willie,Bailey,Help Desk Operator
Sub-Ex,Wanda,Collins,Programmer II
Tempsoft,Carlos,Bradley,VP Accounting
Pannier,Kathleen,Payne,Accounting Assistant IV
Regrant,Joshua,Warren,Account Executive
Namfix,Beverly,Richardson,Payment Adjustment Coordinator
Cardify,Roy,Foster,Structural Analysis Engineer
Ronstring,Kathleen,Brown,Administrative Assistant II
It,Lisa,Nichols,Chief Design Engineer
Tres-Zap,Charles,Snyder,Administrative Assistant IV
Konklab,Michael,Payne,Occupational Therapist
Opela,Peter,Bowman,Executive Secretary
Keylex,Jacqueline,George,Accounting Assistant III
Domainer,Raymond,Kelley,Nurse Practicioner
Veribet,Tammy,Jenkins,Operator
Temp,Gloria,Romero,Structural Engineer
Stronghold,Angela,Bailey,Senior Financial Analyst
Andalax,Albert,Ramirez,Senior Cost Accountant
Bytecard,Lisa,Sanders,Computer Systems Analyst IV
Y-find,Diane,George,Research Associate
Ronstring,Theresa,Simmons,Legal Assistant
Zaam-Dox,Sharon,Bradley,Financial Analyst
Domainer,Rebecca,Henderson,Marketing Assistant
Bigtax,Jack,Hill,Help Desk Operator
Trippledex,John,Richardson,Accounting Assistant IV
Latlux,Margaret,Lee,Paralegal
Bitchip,Debra,Crawford,Office Assistant IV
Cardguard,Bonnie,Jenkins,Librarian
Asoka,Theresa,Clark,Professor
Wrapsafe,Alice,Morales,Computer Systems Analyst III
Fix San,Theresa,Cruz,Assistant Manager
Bitchip,William,Palmer,Structural Analysis Engineer
Gembucket,Ernest,Gardner,Physical Therapy Assistant
Gembucket,Patricia,Russell,Financial Advisor
Transcof,Bonnie,Ortiz,Operator
Job,Debra,Rivera,Paralegal
Daltfresh,Linda,Austin,Payment Adjustment Coordinator
Temp,Aaron,Bradley,Chemical Engineer
Bitchip,Russell,Mason,Systems Administrator III
Viva,Terry,Dean,Accounting Assistant II
Solarbreeze,Lisa,Young,Desktop Support Technician
Opela,Judy,Fields,Systems Administrator I
Sonair,Larry,Spencer,Developer IV
Namfix,Matthew,Peterson,Structural Analysis Engineer
Mat Lam Tam,Gregory,Harper,Paralegal
Bytecard,Brian,Scott,Human Resources Manager
Zoolab,Steve,Thompson,GIS Technical Architect
Hatity,Shawn,Berry,Analyst Programmer
Tempsoft,Howard,Ford,Biostatistician III
Aerified,Alice,Austin,VP Product Management
Andalax,Craig,Knight,Cost Accountant
Cookley,Mary,Burton,Senior Editor
Tin,Christina,Burke,Legal Assistant
Fix San,Craig,Wood,Accounting Assistant IV
Sonair,Todd,Bishop,Actuary
Fintone,Anthony,Spencer,General Manager
Home Ing,Kathryn,Morales,Desktop Support Technician
Flexidy,Craig,Smith,Marketing Manager
Daltfresh,Janice,Jenkins,Chief Design Engineer
Biodex,Harold,Hernandez,Social Worker
Toughjoyfax,James,Fowler,Legal Assistant
Zamit,Arthur,Gardner,Account Representative I
Voltsillam,Ryan,Anderson,Pharmacist
Voltsillam,Kathy,Thomas,Editor
Duobam,Judith,Nguyen,Environmental Tech
Pannier,Roy,Hunt,Chemical Engineer
Toughjoyfax,Billy,Weaver,Editor
Bitwolf,Diana,Rogers,Web Designer III
Zamit,Donald,Hunt,Executive Secretary
Lotlux,Cheryl,Hayes,Payment Adjustment Coordinator
Trippledex,Deborah,Owens,Accounting Assistant IV
Tampflex,Lillian,Garcia,Analyst Programmer
Holdlamis,Tammy,Cole,Tax Accountant
Hatity,Catherine,Patterson,Product Engineer
Tresom,Sarah,Lopez,Quality Engineer
Tempsoft,Terry,Lawrence,Human Resources Manager
Rank,Norma,Wallace,Director of Sales
Y-find,Benjamin,Oliver,Programmer I
Fintone,Ashley,Gonzales,General Manager
Lotstring,Sharon,Robertson,Quality Engineer
Duobam,Cheryl,Hicks,VP Marketing
It,Diane,Harrison,Associate Professor
Andalax,Jeremy,Castillo,Business Systems Development Analyst
Tres-Zap,Arthur,Woods,Environmental Tech
Alphazap,Brian,Anderson,Community Outreach Specialist
Hatity,Judy,Greene,Chemical Engineer
Ronstring,Anthony,Reid,Junior Executive
Kanlam,Betty,Knight,Junior Executive
Tres-Zap,Thomas,Henry,Senior Quality Engineer
Quo Lux,Margaret,Lee,VP Sales
Tin,Jane,Larson,Librarian
Tampflex,Maria,Fisher,VP Marketing
Rank,Sandra,Patterson,Research Assistant III
Tres-Zap,Doris,Cruz,Geologist I
Hatity,Donald,Foster,Office Assistant I
Gembucket,Craig,Wright,Sales Associate
Temp,Walter,Harris,Quality Engineer
Zontrax,Thomas,Flores,Nurse
Biodex,Clarence,Hunt,Information Systems Manager
Zamit,Marilyn,Campbell,Senior Cost Accountant
Asoka,Paul,Garcia,Clinical Specialist
Lotlux,Anne,Willis,Clinical Specialist
Alpha,Lori,Hughes,Research Associate
Sub-Ex,Jeremy,Rice,Staff Accountant I
Subin,Katherine,Wood,Senior Developer
Tin,Shirley,Andrews,VP Quality Control
Temp,Fred,Simmons,VP Sales
Voyatouch,Deborah,Stevens,Librarian
Fixflex,Scott,Reid,Analyst Programmer
Daltfresh,Deborah,Carr,Professor
Aerified,Carl,Dunn,Social Worker
Namfix,Marie,Gardner,Associate Professor
Redhold,Dorothy,Ward,Payment Adjustment Coordinator
Veribet,Marie,Taylor,Mechanical Systems Engineer
Stringtough,Ashley,Hansen,Tax Accountant
Cookley,Lori,Shaw,Associate Professor
Cardguard,Tina,Foster,Sales Associate
Redhold,Ralph,Garcia,Senior Developer
Hatity,Katherine,Stevens,VP Marketing
Daltfresh,Joan,Hicks,Computer Systems Analyst IV
Mat Lam Tam,Wayne,Riley,Physical Therapy Assistant
Transcof,Ruby,Owens,Staff Scientist
Bitwolf,Roger,Diaz,Marketing Manager
Transcof,Martin,Bowman,Quality Control Specialist
Sub-Ex,Lois,Lopez,Media Manager III
Flexidy,Shirley,Franklin,Food Chemist
Duobam,Benjamin,Watkins,Senior Developer
Wrapsafe,Thomas,Jenkins,Nurse Practicioner
Andalax,Jean,Gutierrez,VP Sales
Zontrax,Diana,Pierce,Tax Accountant
Pannier,Henry,Price,Software Consultant
Hatity,Aaron,Lee,Engineer III
Otcom,Beverly,Vasquez,Project Manager
Bitwolf,Fred,Greene,Electrical Engineer
Span,Jason,George,Human Resources Manager
Toughjoyfax,Sean,Carter,Account Coordinator
Cardguard,Benjamin,Carroll,Community Outreach Specialist
Quo Lux,Anthony,Clark,Registered Nurse
Keylex,Todd,Dixon,Senior Quality Engineer
Prodder,Linda,Stone,Dental Hygienist
Keylex,Betty,Reyes,Executive Secretary
Namfix,Bobby,Chapman,Environmental Specialist
Lotstring,Donna,Bell,Safety Technician III
Lotlux,Dorothy,Wheeler,Nurse
Alpha,Kathleen,Fisher,Administrative Assistant III
Voltsillam,Gregory,Cole,Editor
Tampflex,Billy,Brown,Health Coach II
Transcof,Jeffrey,Taylor,VP Marketing
Veribet,Adam,Little,Analyst Programmer
Toughjoyfax,Amanda,Little,Mechanical Systems Engineer
Biodex,Doris,Mendoza,Analyst Programmer
Job,Susan,Hamilton,VP Marketing
Sonsing,Carl,Hansen,Registered Nurse
Daltfresh,Janet,Long,Graphic Designer
Subin,Bobby,Black,Paralegal
Duobam,William,Collins,Account Coordinator
Cookley,Michael,Lawrence,Information Systems Manager
Matsoft,Jimmy,Bryant,Civil Engineer
Solarbreeze,Ronald,Myers,Research Associate
Greenlam,Christopher,Mitchell,Database Administrator II
Zaam-Dox,Gary,Hamilton,Recruiter
Tin,Patricia,Arnold,Help Desk Technician
Wrapsafe,Joseph,Fisher,Marketing Assistant
Fixflex,Rebecca,Nelson,Recruiter
Mat Lam Tam,Walter,Barnes,VP Accounting
Home Ing,Amanda,Greene,Human Resources Assistant I
It,Beverly,Lawson,Financial Advisor
Solarbreeze,Andrew,Hunter,Graphic Designer
Voltsillam,Brandon,Banks,Accounting Assistant IV
Rank,Bonnie,Marshall,Programmer Analyst III
Job,Karen,Fowler,GIS Technical Architect
Tempsoft,Eric,Watson,Engineer II
Aerified,Alan,Tucker,Information Systems Manager
Trippledex,Cynthia,Watson,Structural Analysis Engineer
Ventosanzap,Charles,Ferguson,Clinical Specialist
Matsoft,Katherine,Grant,Compensation Analyst
Trippledex,Chris,Kelly,Quality Control Specialist
Domainer,Brandon,Martinez,Programmer II
Toughjoyfax,Jessica,Washington,Senior Sales Associate
Cardguard,Dennis,Wilson,Food Chemist
Overhold,Wanda,Stephens,Social Worker
Greenlam,Melissa,Richards,Paralegal
Stim,Anna,Romero,Biostatistician III
Tresom,Ronald,Stevens,Senior Financial Analyst
Asoka,Sandra,Pierce,Help Desk Technician
Tampflex,Nancy,Martin,Paralegal
Cardify,Ruby,Ford,Financial Advisor
Redhold,Melissa,Dixon,Account Representative I
Keylex,Cynthia,Wilson,Nuclear Power Engineer
Viva,Lisa,Baker,Sales Representative
Cardguard,Roger,Harris,Dental Hygienist
Biodex,Amanda,Payne,Electrical Engineer
Zaam-Dox,Clarence,Oliver,Clinical Specialist
Regrant,Edward,Frazier,Human Resources Assistant II
Solarbreeze,Amanda,James,Environmental Specialist
Aerified,Shawn,Turner,Marketing Assistant
Biodex,Alan,Brooks,Operator
Hatity,Jerry,Thompson,GIS Technical Architect
Fintone,Louise,Hawkins,Associate Professor
Transcof,Charles,Burns,Budget/Accounting Analyst IV
Opela,Brandon,Stanley,Health Coach III
Tempsoft,Phillip,Williamson,Help Desk Technician
Transcof,Martin,Washington,Graphic Designer
Hatity,Roy,Castillo,Programmer Analyst III
Pannier,Kathleen,Riley,Design Engineer
Pannier,Sean,Howard,Senior Financial Analyst
Treeflex,Laura,Simpson,Senior Editor
Zontrax,William,Richards,Executive Secretary
Zaam-Dox,Rebecca,Garcia,Marketing Assistant
Transcof,Cynthia,Hicks,Analyst Programmer
Aerified,Carlos,King,Accounting Assistant II
Home Ing,Scott,Gomez,Account Coordinator
Y-find,Evelyn,Wells,Human Resources Manager
Latlux,Beverly,Stevens,Software Engineer II
Trippledex,Emily,Kelly,Health Coach IV
Alpha,Alice,Cruz,Senior Sales Associate
Biodex,Jerry,Davis,VP Marketing
Y-find,Jason,Howard,Actuary
Fintone,Virginia,Nguyen,Project Manager
Pannier,Peter,Hudson,Paralegal
Ronstring,Marilyn,Kim,Database Administrator IV
Voltsillam,Deborah,Brooks,Social Worker
Wrapsafe,Carolyn,Campbell,Payment Adjustment Coordinator
Span,Roger,Mason,Database Administrator I
Trippledex,Frances,Campbell,Actuary
Redhold,Joshua,Fowler,Media Manager IV
Alphazap,Steven,Edwards,Chemical Engineer
Redhold,Janice,Ramos,Payment Adjustment Coordinator
Regrant,Heather,Larson,General Manager
Flowdesk,Aaron,Shaw,Systems Administrator IV
Voltsillam,James,Murray,Geological Engineer
Vagram,Jonathan,Daniels,Recruiting Manager
Overhold,Arthur,Allen,Junior Executive
Zontrax,Sara,Butler,Chemical Engineer
Voyatouch,Ann,Martin,Compensation Analyst
Bigtax,Richard,George,Office Assistant III
Y-find,William,Henderson,Desktop Support Technician
Toughjoyfax,Fred,Watkins,Senior Developer
Veribet,Alice,Alvarez,Safety Technician IV
Span,Judy,Lynch,Speech Pathologist
Cardify,Jerry,Jenkins,Social Worker
Regrant,Janet,Day,Compensation Analyst
Opela,Rose,Fowler,Editor
Viva,Jason,Allen,Electrical Engineer
Gembucket,Charles,Jordan,Nurse
Rank,Dennis,Mitchell,Accountant I
Span,Theresa,Austin,Electrical Engineer
Trippledex,Sean,Williamson,Clinical Specialist
Redhold,Patricia,Jenkins,Senior Cost Accountant
Kanlam,Patrick,Jordan,Quality Control Specialist
Zoolab,Anthony,Garcia,Design Engineer
Quo Lux,Douglas,Berry,Budget/Accounting Analyst IV
Redhold,Diana,Kennedy,Technical Writer
Gembucket,Harold,Crawford,Senior Sales Associate
Asoka,Kelly,Henderson,Marketing Assistant
Alpha,Todd,Gordon,Food Chemist
It,Jacqueline,Alvarez,Director of Sales
Lotlux,Michelle,Johnston,Account Coordinator
Y-find,Mary,Patterson,Electrical Engineer
Hatity,Kathy,Murray,Accountant I
Treeflex,Scott,Fox,Quality Engineer
Keylex,Jimmy,Mills,Sales Representative
Cookley,Christopher,Griffin,Computer Systems Analyst IV
Lotlux,Wanda,Miller,Legal Assistant
Alpha,Sarah,Hunter,Computer Systems Analyst IV
Fintone,Marilyn,Allen,Human Resources Assistant IV
Keylex,Samuel,Jones,Help Desk Operator
Matsoft,Sharon,Nichols,Actuary
Solarbreeze,Anna,Marshall,Research Associate
Tin,Bonnie,Ruiz,Recruiter
Tempsoft,Amy,Chapman,Occupational Therapist
Treeflex,Elizabeth,Stephens,Financial Analyst
Fixflex,Janice,Black,Actuary
Bitwolf,Bonnie,Perez,Senior Cost Accountant
Bigtax,Janice,Spencer,Programmer IV
Alpha,Irene,Jones,VP Accounting
Redhold,Shawn,Austin,Quality Control Specialist
Subin,Lawrence,Phillips,Geological Engineer
Redhold,Mark,Carroll,Staff Accountant I
Alphazap,Roy,Little,Engineer IV
Ronstring,Bobby,Andrews,Actuary
Stringtough,Carol,Moore,Assistant Professor
Hatity,Thomas,Burke,Product Engineer
Sonair,Billy,Bryant,Software Consultant
Voltsillam,Keith,Lawson,Environmental Specialist
Tampflex,Clarence,Montgomery,Legal Assistant
Stim,Donna,Garza,Registered Nurse
Tin,Alice,Lawson,Pharmacist
Regrant,Michelle,Brooks,Database Administrator IV
Stim,Pamela,Snyder,Administrative Assistant II
Zaam-Dox,Michael,Brooks,Nuclear Power Engineer
Aerified,Jack,Wright,Sales Representative
Gembucket,Tammy,Lopez,Safety Technician I
Bitwolf,Gregory,Harvey,Staff Accountant IV
Mat Lam Tam,Alice,Mccoy,Account Representative II
Solarbreeze,Amy,Hayes,Registered Nurse
Veribet,Steven,Harrison,Health Coach III
Home Ing,Helen,Hunter,Recruiting Manager
Tres-Zap,Adam,Peterson,Payment Adjustment Coordinator
Tempsoft,Craig,Harrison,Safety Technician II
Temp,Anthony,Willis,Graphic Designer
Voyatouch,Martha,Watson,Recruiter
Stim,Nicole,Butler,Editor
Transcof,Gregory,Gray,Chemical Engineer
Hatity,Scott,Parker,Human Resources Manager
Overhold,Barbara,Williams,Business Systems Development Analyst
Subin,Paula,Butler,VP Quality Control
Zoolab,Adam,Gutierrez,Research Assistant I
Overhold,Rose,Ward,Research Nurse
Stringtough,Janet,Austin,Health Coach I
Cardguard,Jean,Peterson,Database Administrator II
Konklux,Carlos,Washington,Social Worker
Sub-Ex,Jeffrey,Howard,Legal Assistant
Domainer,Amy,Long,Automation Specialist I
Rank,Harry,Morales,Staff Accountant I
Tampflex,Virginia,Hunter,Web Developer IV
Latlux,Henry,Butler,Recruiting Manager
Wrapsafe,Aaron,Gomez,Operator
Domainer,Virginia,Collins,Tax Accountant
Voyatouch,Catherine,Kennedy,Senior Financial Analyst
Andalax,Helen,Ramos,Operator
Duobam,Ernest,Howard,Health Coach III
Prodder,Philip,Stevens,Internal Auditor
Temp,Jose,Shaw,Social Worker
Flexidy,Pamela,Carter,Financial Analyst
Vagram,Timothy,Harvey,Operator
Daltfresh,Tammy,Phillips,Staff Scientist
Daltfresh,Mildred,Carroll,Dental Hygienist
Opela,Barbara,Gray,Senior Editor
Voltsillam,Justin,Bishop,Assistant Manager
Mat Lam Tam,Ryan,Moreno,Pharmacist
Opela,Andrea,Porter,Environmental Tech
Lotlux,Marilyn,Rivera,Registered Nurse
Zoolab,Howard,King,Design Engineer
Gembucket,Donald,Perez,Software Engineer II
Stringtough,Teresa,Torres,Recruiting Manager
Tampflex,Jose,Sanchez,Recruiting Manager
Flowdesk,Nicholas,Bennett,Human Resources Assistant I
Treeflex,Marilyn,Henry,Associate Professor
Tin,Kimberly,James,Geologist IV
Namfix,Benjamin,Fisher,Developer IV
Sub-Ex,Clarence,Jenkins,Executive Secretary
Hatity,Arthur,Lewis,Nurse
Transcof,Bruce,Carr,Librarian
Cardguard,Judith,Ross,Account Executive
Andalax,Kenneth,Phillips,VP Accounting
Bytecard,Patricia,Walker,Help Desk Operator
Greenlam,Julia,Shaw,Web Developer III
Aerified,Jonathan,Ortiz,Director of Sales
Opela,Clarence,Baker,Account Representative IV
Zoolab,Janice,Thompson,Programmer III
Treeflex,Dennis,Ortiz,Internal Auditor
Home Ing,Kelly,Montgomery,Tax Accountant
Bytecard,Donna,Burton,Senior Quality Engineer
Y-find,Evelyn,Greene,Web Developer IV
Konklab,Helen,Miller,Automation Specialist III
Domainer,Christina,Fields,VP Sales
Lotstring,Joan,Wilson,Occupational Therapist
Home Ing,Carl,Reyes,Biostatistician I
Duobam,Richard,Pierce,Software Engineer III
Stim,Keith,Reid,Staff Scientist
Namfix,Phyllis,Clark,Programmer Analyst I
Viva,Scott,Little,Design Engineer
Y-Solowarm,Philip,Dixon,Research Nurse
Namfix,Harold,Alvarez,VP Product Management
Duobam,Shirley,Alexander,Senior Sales Associate
Y-Solowarm,Justin,Butler,Food Chemist
Zaam-Dox,Eugene,Green,Account Executive
Tempsoft,Joe,Arnold,VP Quality Control
Fixflex,Brandon,Anderson,Engineer I
Latlux,Nancy,Roberts,Assistant Professor
Tin,Douglas,Greene,Computer Systems Analyst I
Quo Lux,Johnny,Hayes,Research Associate
Trippledex,Frank,Lawson,Software Consultant
Bigtax,Frank,Green,Compensation Analyst
Asoka,Roy,Hicks,VP Marketing
Zontrax,Roger,Ramos,Marketing Manager
Redhold,Marie,Adams,Biostatistician II
Zamit,Donna,Grant,Operator
Bamity,Marilyn,Myers,Chemical Engineer
Cookley,Beverly,Grant,Software Engineer II
Greenlam,Amanda,Grant,Data Coordiator
Zaam-Dox,Jennifer,Harrison,Librarian
Prodder,Christopher,Oliver,Account Representative I
Gembucket,Walter,Morris,Senior Financial Analyst
Latlux,Laura,Ellis,Desktop Support Technician
Job,Aaron,Morrison,Nurse Practicioner
Ronstring,Jean,Bell,Staff Accountant III
Zathin,Denise,Nelson,Electrical Engineer
Fixflex,Martha,Rogers,Desktop Support Technician
Zamit,Kenneth,Warren,VP Accounting
Redhold,Nancy,Diaz,Accounting Assistant III
Keylex,Henry,Gordon,Operator
Gembucket,Christine,King,Media Manager IV
Hatity,Joyce,Fisher,Teacher
Prodder,Howard,Dixon,Help Desk Operator
Subin,Alan,Hawkins,Sales Representative
Namfix,Sara,Little,Dental Hygienist
Stronghold,Deborah,Nichols,Software Consultant
Bamity,Lisa,Patterson,Web Developer IV
Sub-Ex,Alan,Day,Programmer Analyst III
Alpha,Louise,Young,Accountant III
Job,Charles,Murray,Human Resources Assistant IV
Stim,Martin,Bowman,Analog Circuit Design manager
Lotstring,Lawrence,Vasquez,Analyst Programmer
Y-Solowarm,Tammy,Warren,Budget/Accounting Analyst IV
It,Dennis,Harvey,Librarian
Rank,Wayne,Bell,Engineer I
Holdlamis,Martin,Matthews,Senior Developer
Home Ing,Wayne,Moore,Assistant Manager
Cardguard,Edward,Rodriguez,Biostatistician IV
Fixflex,Eugene,Fisher,GIS Technical Architect
Pannier,Evelyn,Smith,Assistant Manager
Overhold,Chris,Ryan,Analog Circuit Design manager
Fintone,Jane,Ferguson,Clinical Specialist
Pannier,Adam,Hall,Pharmacist
Asoka,Doris,Green,Health Coach I
Cardify,Nicole,White,Media Manager IV
Wrapsafe,Emily,Cruz,Programmer II
Job,Patricia,Henry,Recruiter
Y-Solowarm,Melissa,Brooks,Sales Representative
Tin,Nicholas,Garrett,Junior Executive
Tampflex,Frank,Dean,Graphic Designer
Fintone,Melissa,Duncan,Information Systems Manager
Otcom,Rose,Ward,Compensation Analyst
It,Rachel,Willis,Director of Sales
Tampflex,Ruth,Fuller,Civil Engineer
Biodex,Donna,Price,Legal Assistant
Wrapsafe,Julie,Fox,Environmental Specialist
Wrapsafe,Teresa,Peters,Tax Accountant
Zoolab,Jerry,Gutierrez,Account Representative IV
Tresom,Kenneth,Miller,VP Marketing
Fixflex,Rachel,Jones,Occupational Therapist
Sonsing,Richard,Williamson,VP Product Management
Fintone,Virginia,Stone,Safety Technician IV
Lotstring,Patrick,Myers,Geologist II
Home Ing,Todd,Lee,Food Chemist
Holdlamis,Deborah,Wheeler,Operator
Temp,Jack,Mcdonald,Administrative Assistant IV
Prodder,Joshua,Watkins,Sales Representative
Zoolab,Carol,Ryan,Research Assistant III
Flexidy,Patrick,Johnston,Senior Developer
Trippledex,Craig,Brown,Software Engineer II
Fintone,Jesse,Ramos,Tax Accountant
Regrant,Lawrence,Moreno,Software Engineer IV
Greenlam,Betty,Brown,Senior Quality Engineer
Viva,Willie,Alvarez,Professor
Keylex,Terry,Jones,Senior Sales Associate
Tempsoft,Phyllis,Stewart,Nurse
Ventosanzap,Carl,Perkins,Legal Assistant
Konklux,Marie,Wilson,Senior Developer
Quo Lux,Henry,Carr,Statistician I
Biodex,Debra,Morgan,Programmer IV
Viva,Harry,Ruiz,Software Engineer III
Fix San,Carolyn,Gray,Software Test Engineer IV
Tampflex,Todd,Pierce,General Manager
Bytecard,Cynthia,Fowler,Assistant Professor
Lotstring,Deborah,Turner,Senior Financial Analyst
Hatity,Cheryl,Carter,Executive Secretary
Tempsoft,Harold,Rivera,Human Resources Manager
Zaam-Dox,Andrew,Wheeler,Financial Advisor
Konklux,Ronald,Webb,Staff Accountant III
Sub-Ex,Martha,Lopez,Nuclear Power Engineer
Alpha,Janet,King,Assistant Professor
Alphazap,Norma,Lee,VP Accounting
Wrapsafe,Donna,Edwards,Statistician III
Job,Diane,Henderson,Computer Systems Analyst I
Wrapsafe,Charles,Palmer,Payment Adjustment Coordinator
Overhold,Randy,Webb,Marketing Manager
Matsoft,Dorothy,Stephens,Structural Analysis Engineer
Cardify,Katherine,Henry,Developer II
Regrant,Willie,Peterson,Media Manager III
Sonair,Benjamin,Gilbert,Database Administrator I
Fintone,Margaret,Morales,Marketing Assistant
Stringtough,Marilyn,Fisher,Marketing Assistant
Ronstring,Aaron,Edwards,Clinical Specialist
Voltsillam,Rose,Patterson,Senior Editor
Vagram,Jeremy,Stewart,Nurse
Pannier,Anna,Young,Research Assistant III
Fixflex,Aaron,Rogers,Environmental Tech
Trippledex,Judith,Turner,Senior Financial Analyst
Veribet,Albert,Mitchell,Executive Secretary
Span,Howard,Webb,Staff Scientist
Span,Justin,Day,Design Engineer
Temp,Linda,Crawford,Paralegal
Rank,Virginia,Morgan,Quality Control Specialist
Redhold,Gregory,Day,Health Coach III
Rank,Willie,Carpenter,Systems Administrator I
Stim,Alice,Chapman,Help Desk Operator
Bitwolf,Debra,Romero,Senior Sales Associate
Stringtough,Amy,Snyder,Accountant II
Mat Lam Tam,Janet,Simmons,Safety Technician III
Keylex,Carl,Richards,Account Executive
Lotlux,Nancy,Hanson,Pharmacist
Lotlux,Louise,Stephens,Systems Administrator I
Wrapsafe,Roy,Johnston,Structural Engineer
Domainer,Alice,Burke,Occupational Therapist
Ronstring,Nancy,Lane,Media Manager I
Sub-Ex,Antonio,Graham,Structural Engineer
Lotstring,Charles,Crawford,Graphic Designer
Namfix,Howard,Nichols,Operator
Aerified,Rachel,Bryant,Electrical Engineer
Fix San,Gregory,Day,Chemical Engineer
Temp,Christopher,Crawford,Senior Editor
Lotstring,Annie,Diaz,Sales Representative
Cookley,Norma,Robinson,Media Manager IV
Aerified,Virginia,Campbell,Product Engineer
Cardify,Joyce,Lee,Account Executive
Regrant,Gregory,Adams,Senior Quality Engineer
Lotstring,Elizabeth,Reyes,Junior Executive
Flowdesk,Catherine,Jones,Social Worker
Veribet,Alice,Jenkins,Civil Engineer
Ventosanzap,Kenneth,Jones,Office Assistant III
Matsoft,William,Hudson,Nurse Practicioner
Namfix,Richard,Garrett,Data Coordiator
Pannier,Gloria,Ray,Cost Accountant
Latlux,Elizabeth,Ford,Software Test Engineer I
Zontrax,Brandon,Vasquez,Compensation Analyst
Pannier,Catherine,Garrett,Nurse Practicioner
Bigtax,Beverly,Webb,Computer Systems Analyst II
Y-Solowarm,Benjamin,Austin,Geological Engineer
Lotlux,Jacqueline,Olson,Project Manager
Toughjoyfax,Kathy,Banks,Software Engineer III
Y-Solowarm,Earl,Meyer,Speech Pathologist
Fintone,Judy,Johnson,Information Systems Manager
Subin,Judy,Payne,Quality Engineer
Matsoft,Larry,Andrews,Social Worker
Stringtough,Patricia,Howard,Electrical Engineer
Bigtax,Peter,Carroll,Nurse
Cardguard,Gary,Henderson,Sales Representative
Gembucket,Jack,Gutierrez,Analyst Programmer
Sonsing,Ann,Payne,VP Marketing
Rank,Eric,Lee,Geologist IV
Zontrax,Henry,Alexander,Accounting Assistant IV
Holdlamis,John,Torres,VP Quality Control
Ronstring,Deborah,Carpenter,Associate Professor
Solarbreeze,Tammy,Stanley,VP Marketing
Bamity,Diana,Thomas,Environmental Tech
Mat Lam Tam,Ruth,Kelley,VP Sales
Latlux,Julia,Morrison,Paralegal
Wrapsafe,Alan,Owens,Graphic Designer
Latlux,Mary,Allen,Systems Administrator III
Prodder,Margaret,Clark,Web Designer I
Pannier,Kathleen,Frazier,Analog Circuit Design manager
Zamit,Heather,Boyd,Staff Accountant I
Tampflex,Anna,Nichols,Registered Nurse
Overhold,Benjamin,Hanson,Nuclear Power Engineer
Zamit,Annie,Roberts,Accounting Assistant II
Latlux,Evelyn,Hayes,Administrative Officer
Domainer,David,Lane,Dental Hygienist
Trippledex,Julie,Rogers,Project Manager
Latlux,Willie,Freeman,Accounting Assistant III
Lotlux,Angela,Spencer,Technical Writer
Fix San,Steven,Bailey,Programmer IV
Konklux,Edward,Edwards,Speech Pathologist
Bytecard,Eric,Foster,General Manager
Home Ing,Joseph,Mccoy,Senior Sales Associate
Andalax,Amanda,George,Nurse Practicioner
Stim,Julia,Jordan,Senior Sales Associate
Bamity,Denise,James,Executive Secretary
Lotstring,Benjamin,Hernandez,Developer II
Gembucket,Kathleen,Nguyen,Human Resources Assistant III
Zathin,Carol,Day,GIS Technical Architect
Tresom,Theresa,Gonzalez,Occupational Therapist
Konklab,Frances,Harvey,Environmental Specialist
Tres-Zap,Donald,Flores,Nuclear Power Engineer
Fintone,Denise,Lee,Senior Developer
Rank,Richard,Wheeler,Professor
Sub-Ex,Judy,Morrison,Teacher
Y-Solowarm,Matthew,Spencer,Mechanical Systems Engineer
Ventosanzap,Richard,Burke,Occupational Therapist
Span,Marilyn,Gutierrez,Accounting Assistant IV
Cardguard,Bonnie,Griffin,Accountant IV
Namfix,Dennis,Moore,Assistant Media Planner
Sonsing,Virginia,Davis,Quality Control Specialist
Treeflex,Nancy,Holmes,Statistician II
Prodder,Paul,Perkins,Assistant Media Planner
Namfix,Joseph,Oliver,Engineer IV
Bigtax,Linda,Mitchell,Safety Technician II
Pannier,Justin,Reyes,Recruiting Manager
Hatity,Louise,Knight,Analog Circuit Design manager
Alphazap,Deborah,Elliott,Structural Engineer
Wrapsafe,Susan,Lawrence,Safety Technician IV
Temp,Jerry,Alexander,VP Product Management
Konklab,Phillip,Armstrong,Project Manager
Alpha,Robin,Stevens,General Manager
Home Ing,Linda,Henry,Pharmacist
Span,Nancy,Cox,Geologist II
Voltsillam,Sharon,Perkins,Health Coach I
Subin,Harry,Webb,Nuclear Power Engineer
Wrapsafe,Diane,Cooper,Clinical Specialist
Andalax,Evelyn,Howard,Marketing Assistant
Transcof,Deborah,Vasquez,VP Accounting
Bamity,Diane,Flores,Marketing Manager
Latlux,Julia,Gray,Environmental Tech
Biodex,Deborah,Harvey,Editor
Veribet,Eugene,Romero,Biostatistician III
Duobam,Christina,Watson,Research Nurse
Zathin,Alice,Ferguson,Senior Developer
Y-find,Stephen,Moore,Compensation Analyst
Zoolab,Brenda,Bell,Programmer I
Lotlux,Mark,Pierce,Analog Circuit Design manager
Voyatouch,Martin,Black,Civil Engineer
Quo Lux,Jessica,Gardner,VP Marketing
Span,Dennis,Perry,Administrative Assistant I
Transcof,Victor,Bishop,Analog Circuit Design manager
Solarbreeze,Sara,Miller,Registered Nurse
Alphazap,Angela,Sanders,Web Developer I
Zontrax,Denise,Kennedy,VP Sales
Stringtough,Richard,Richards,Graphic Designer
Duobam,Tina,Fuller,Clinical Specialist
Vagram,Christopher,Price,Community Outreach Specialist
Fintone,Carlos,Stevens,Recruiting Manager
Aerified,Peter,Lawson,Accountant I
Cookley,Paula,Gonzales,Analog Circuit Design manager
Latlux,Eric,Burns,Statistician I
Sub-Ex,Mark,Bishop,Marketing Assistant
Mat Lam Tam,Keith,Graham,Staff Accountant III
Bitchip,Amy,Johnson,Pharmacist
Tres-Zap,Bruce,Fuller,Community Outreach Specialist
Alpha,Carolyn,Anderson,Senior Financial Analyst
Subin,Eric,Austin,Financial Advisor
Lotstring,Steve,Medina,Nurse Practicioner
Prodder,Lisa,Reid,Safety Technician I
Zathin,Sandra,Thompson,Senior Quality Engineer
Aerified,Ruby,Murray,Chief Design Engineer
Sub-Ex,William,Watson,Accounting Assistant II
Regrant,Carl,Little,Dental Hygienist
Temp,Stephen,Daniels,Engineer IV
Zamit,Catherine,Garrett,Programmer Analyst III
Quo Lux,Donald,Carr,Nuclear Power Engineer
Vagram,Martha,Evans,Marketing Assistant
Cardguard,Frances,Sullivan,Clinical Specialist
Sonair,Tammy,Burke,Marketing Manager
Tampflex,Larry,Webb,Product Engineer
Andalax,Gregory,Rose,VP Accounting
Veribet,Diana,Boyd,Account Coordinator
Solarbreeze,Christine,Harper,Mechanical Systems Engineer
Fintone,Anthony,Berry,Safety Technician I
Zontrax,Martha,Perkins,Payment Adjustment Coordinator
Fintone,Thomas,West,Clinical Specialist
Biodex,Jose,Walker,Cost Accountant
Y-find,Raymond,Martinez,Engineer II
Subin,Cynthia,Pierce,Geological Engineer
Sonair,Kenneth,Riley,Cost Accountant
Stronghold,Patrick,Grant,Quality Control Specialist
Treeflex,Laura,Hayes,Business Systems Development Analyst
Domainer,Benjamin,Gonzales,Staff Scientist
Fixflex,James,Cunningham,Engineer III
Job,Anthony,Carr,Editor
Latlux,Jimmy,Dunn,Speech Pathologist
Latlux,Teresa,Ortiz,Dental Hygienist
Andalax,Lisa,Bennett,Budget/Accounting Analyst IV
Zoolab,Deborah,Franklin,VP Marketing
Konklab,Daniel,Romero,Operator
Wrapsafe,Amy,Sims,Environmental Specialist
Solarbreeze,Earl,James,Financial Analyst
Temp,Teresa,Black,Tax Accountant
Cookley,Steven,Carroll,Civil Engineer
Tampflex,Gerald,Jones,VP Quality Control
Holdlamis,Chris,Smith,Cost Accountant
Rank,Michelle,Cruz,Marketing Manager
Fix San,John,Woods,Geological Engineer
Y-Solowarm,Andrew,Burns,Systems Administrator II
Prodder,Victor,Garrett,Database Administrator I
Cardguard,Diane,Woods,Help Desk Operator
Zaam-Dox,Debra,Thompson,Research Associate
Treeflex,Tammy,Diaz,Quality Control Specialist
Stim,Kenneth,Walker,Physical Therapy Assistant
Tempsoft,Ruby,Richardson,Media Manager II
Toughjoyfax,Julie,Wallace,Accountant I
Flexidy,Paul,Ryan,Research Associate
Sonsing,Shawn,Robertson,Nurse Practicioner
Fix San,Helen,Oliver,Editor
Matsoft,Fred,Bennett,Clinical Specialist
Tres-Zap,Shirley,Torres,Programmer II
Greenlam,Thomas,Martin,Safety Technician IV
Stringtough,Phillip,Ross,VP Quality Control
Sonsing,Terry,Chavez,Teacher
Transcof,Shawn,Scott,Help Desk Technician
Biodex,Kenneth,Crawford,Staff Accountant I
Mat Lam Tam,Chris,Wells,Media Manager I
Solarbreeze,Sarah,Bailey,Professor
Holdlamis,Eric,Webb,Chemical Engineer
Bigtax,Samuel,Simpson,Speech Pathologist
Daltfresh,Sarah,Jenkins,Analyst Programmer
Regrant,Anthony,Anderson,Librarian
Mat Lam Tam,William,Shaw,Systems Administrator II
Stringtough,Judy,Burton,Clinical Specialist
Kanlam,Carlos,Marshall,Graphic Designer
Stim,Lisa,Garrett,Account Executive
Cardguard,Michelle,Russell,Cost Accountant
Prodder,Brenda,Richards,Geologist IV
Sonair,Kathryn,Gibson,General Manager
Asoka,Charles,Anderson,Administrative Officer
Zoolab,Timothy,Matthews,Community Outreach Specialist
Opela,Harry,Ray,Food Chemist
Sonair,Doris,Gonzales,Marketing Manager
Voltsillam,Norma,Meyer,Cost Accountant
Vagram,Randy,Ryan,Assistant Media Planner
Bitwolf,Teresa,Mcdonald,Assistant Professor
Duobam,Dennis,Larson,Executive Secretary
Ronstring,Shirley,Nguyen,Desktop Support Technician
Veribet,Dorothy,Black,Office Assistant IV
Viva,Jeffrey,Hill,Software Test Engineer III
Zaam-Dox,Douglas,Robinson,Media Manager II
Duobam,Beverly,Long,Data Coordiator
Ronstring,Pamela,Thompson,Accounting Assistant I
Subin,Louis,Gibson,Registered Nurse
Latlux,Kathleen,Castillo,Engineer II
Otcom,Tammy,Ferguson,Human Resources Assistant II
Y-find,Heather,Phillips,Financial Analyst
Alpha,Brandon,Lee,Media Manager I
Quo Lux,Helen,Stewart,Media Manager IV
Konklux,Kimberly,Ray,Nurse Practicioner
Viva,Michelle,Bell,Software Consultant
Tampflex,Shawn,Hanson,Structural Analysis Engineer
Ronstring,Denise,Hicks,Design Engineer
Cardify,Shirley,Stewart,Budget/Accounting Analyst II
Voyatouch,Jeffrey,White,Junior Executive
Bamity,Amanda,Arnold,Accounting Assistant II
Sub-Ex,Ernest,Dean,Assistant Media Planner
Greenlam,Alice,Barnes,Health Coach IV
Lotlux,Betty,Kennedy,Senior Quality Engineer
Konklab,Andrew,Taylor,Product Engineer
Toughjoyfax,Albert,Meyer,Editor
Stim,Jane,Lawrence,Database Administrator III
Stronghold,Christine,Nguyen,Structural Analysis Engineer
Greenlam,Carl,Reed,Web Designer II
Temp,Lawrence,Daniels,Senior Editor
Veribet,Douglas,Moreno,Account Coordinator
Y-find,Sarah,Torres,Associate Professor
Y-Solowarm,Frank,Hayes,Research Assistant II
Duobam,Katherine,Olson,Tax Accountant
Y-find,Rose,Thomas,Help Desk Technician
Fixflex,Ralph,Brown,Help Desk Operator
Ventosanzap,Peter,Fox,Assistant Professor
Fintone,Jessica,Boyd,Social Worker
Stim,Antonio,Dunn,Programmer Analyst II
Veribet,Carlos,Thompson,Senior Cost Accountant
Lotlux,Carlos,Hunt,Nurse Practicioner
Aerified,Billy,Anderson,Operator
Ronstring,Earl,Clark,GIS Technical Architect
Otcom,Heather,Fuller,Senior Cost Accountant
Job,Eric,Chapman,Social Worker
Konklux,Dennis,Turner,Structural Engineer
Keylex,Ronald,Burton,Office Assistant III
Keylex,Julie,Brooks,Senior Financial Analyst
Opela,Roy,Thompson,Research Assistant II
Overhold,Heather,Lawrence,Teacher
Zaam-Dox,Catherine,Bradley,VP Product Management
Lotlux,Diane,Weaver,Account Coordinator
Tampflex,Laura,Spencer,Account Executive
Domainer,Tammy,Ray,Associate Professor
Tresom,Bonnie,Rogers,Senior Financial Analyst
Bigtax,Johnny,Dean,Graphic Designer
Voyatouch,Samuel,Cook,Legal Assistant
Sonsing,Helen,Montgomery,Internal Auditor
Opela,Jane,Perez,Account Coordinator
Tampflex,Jack,Mason,Registered Nurse
Transcof,Louis,Webb,Professor
Kanlam,Margaret,Castillo,Account Representative IV
Holdlamis,Dennis,Boyd,Director of Sales
Toughjoyfax,Russell,Hanson,Automation Specialist I
Aerified,Philip,Stevens,VP Marketing
Flowdesk,Norma,Cook,Editor
Holdlamis,Jerry,Armstrong,Web Developer IV
Daltfresh,Judith,Carroll,Senior Editor
Cookley,Diana,Grant,Help Desk Operator
Bitwolf,Amy,Robertson,Programmer Analyst I
Zamit,Ashley,Willis,Help Desk Operator
Gembucket,Carlos,Hudson,Editor
Sonsing,Juan,Marshall,Tax Accountant
Sub-Ex,Clarence,Bowman,Staff Accountant IV
Transcof,Albert,Johnson,Dental Hygienist
Ronstring,Elizabeth,Rodriguez,Nurse Practicioner
Fixflex,Louis,King,Quality Engineer
Pannier,Doris,Wright,Budget/Accounting Analyst I
Fintone,Christine,Hudson,Financial Analyst
Mat Lam Tam,Roger,James,Geological Engineer
Gembucket,Benjamin,Stone,Administrative Officer
Matsoft,Diane,Perry,Research Assistant IV
Keylex,Joyce,Stewart,Editor
Konklux,Joshua,Wright,Administrative Assistant III
Zathin,Clarence,Weaver,Sales Associate
Kanlam,Melissa,Sanchez,Senior Editor
Stronghold,Marilyn,Berry,Electrical Engineer
Alpha,Mildred,Weaver,Sales Representative
Stim,Joseph,Campbell,Database Administrator II
Mat Lam Tam,Bobby,Ross,Recruiter
Ventosanzap,Evelyn,Armstrong,Nurse
Y-Solowarm,Chris,Duncan,Biostatistician III
Namfix,James,Boyd,Geologist III
Mat Lam Tam,Janice,Bowman,Accountant III
Sonsing,Wayne,Allen,GIS Technical Architect
Fixflex,Eugene,Fernandez,Environmental Tech
Alpha,Stephen,Washington,Nurse Practicioner
Tampflex,Nicole,Coleman,Quality Engineer
