1,Dabfeed,Real Estate
2,Yacero,Telecommunication Services
3,Jaxspan,Industrials
4,Brightbean,Energy
5,Tazzy,Energy
6,Zooxo,Utilities
7,Aimbu,Consumer Staples
8,Livefish,Information Technology
9,Twimm,Materials
10,Gabvine,Telecommunication Services
11,Kwimbee,Information Technology
12,Shufflebeat,Consumer Discretionary
13,Feedfish,Health Care
14,Skaboo,Telecommunication Services
15,Twitterlist,Utilities
16,Quamba,Information Technology
17,Photolist,Consumer Staples
18,Cogibox,Utilities
19,Skipstorm,Materials
20,Digitube,Health Care
21,Jabbertype,Utilities
22,Centizu,Industrials
23,Blogtags,Telecommunication Services
24,Blognation,Real Estate
25,Flipstorm,Utilities
26,Youspan,Information Technology
27,Ntags,Consumer Discretionary
28,Jazzy,Consumer Staples
29,Ooba,Energy
30,Jabbertype,Consumer Discretionary
31,Livepath,Telecommunication Services
32,Jaxnation,Materials
33,Feedbug,Financials
34,Edgetag,Energy
35,Kimia,Materials
36,Twitternation,Telecommunication Services
37,Thoughtsphere,Health Care
38,Edgeblab,Energy
39,Realbridge,Health Care
40,Skinix,Industrials
41,Bubblebox,Information Technology
42,Roodel,Financials
43,Blogtags,Financials
44,Skippad,Materials
45,Abata,Telecommunication Services
46,Voonte,Materials
47,Zoombox,Consumer Discretionary
48,Pixonyx,Information Technology
49,Photojam,Financials
50,Midel,Consumer Discretionary
51,Topicware,Industrials
52,Meedoo,Financials
53,Vimbo,Consumer Discretionary
54,Nlounge,Telecommunication Services
55,Realbridge,Real Estate
56,Katz,Consumer Staples
57,Voonix,Telecommunication Services
58,Skaboo,Financials
59,Flipopia,Materials
60,Jabbersphere,Health Care
61,Pixoboo,Telecommunication Services
62,Einti,Materials
63,Pixope,Telecommunication Services
64,Yoveo,Real Estate
65,Vinte,Health Care
66,Brightdog,Real Estate
67,Centizu,Utilities
68,Zoonoodle,Materials
69,Quinu,Telecommunication Services
70,Youtags,Telecommunication Services
71,Trudoo,Consumer Discretionary
72,Katz,Telecommunication Services
73,Plajo,Financials
74,Wikizz,Telecommunication Services
75,Jabbersphere,Utilities
76,Jabbersphere,Telecommunication Services
77,Vidoo,Real Estate
78,Zooveo,Telecommunication Services
79,Gigashots,Industrials
80,Jatri,Financials
81,Gigazoom,Health Care
82,Avamm,Industrials
83,Oyondu,Telecommunication Services
84,Brainsphere,Health Care
85,Muxo,Materials
86,Twitterbridge,Information Technology
87,Digitube,Real Estate
88,Quaxo,Energy
89,Riffwire,Financials
90,Ntag,Industrials
91,BlogXS,Telecommunication Services
92,Jayo,Real Estate
93,Yotz,Health Care
94,Shufflester,Consumer Staples
95,Kamba,Energy
96,Izio,Utilities
97,Buzzdog,Consumer Staples
98,Janyx,Industrials
99,Mynte,Industrials
100,Edgetag,Energy
